CVE-2024-0181	2024-01-01	Nueva Ecija Engineer Online Portal	A vulnerability was found in RRJ Nueva Ecija Engineer Online Portal 1.0. It has been declared as problematic. Affected by this vulnerability is an unknown functionality of the file /admin/admin_user.php of the component Admin Panel. The manipulation of the argument Firstname/Lastname/Username leads to cross site scripting. The attack can be launched remotely. The exploit has been disclosed to the public and may be used. The identifier VDB-249433 was assigned to this vulnerability.
CVE-2024-0181	2024-01-01	Nueva Ecija Engineer Online Portal	In RRJ Nueva Ecija Engineer Online Portal 1.0 wurde eine problematische Schwachstelle ausgemacht. Dabei geht es um eine nicht genauer bekannte Funktion der Datei /admin/admin_user.php der Komponente Admin Panel. Durch Manipulieren des Arguments Firstname/Lastname/Username mit unbekannten Daten kann eine cross site scripting-Schwachstelle ausgenutzt werden. Die Umsetzung des Angriffs kann dabei über das Netzwerk erfolgen. Der Exploit steht zur öffentlichen Verfügung.
CVE-2024-0182	2024-01-01	Engineers Online Portal	A vulnerability was found in SourceCodester Engineers Online Portal 1.0 and classified as critical. Affected by this issue is some unknown functionality of the file /admin/ of the component Admin Login. The manipulation of the argument username/password leads to sql injection. The attack may be launched remotely. The identifier of this vulnerability is VDB-249440.
CVE-2024-0182	2024-01-01	Engineers Online Portal	Eine Schwachstelle wurde in SourceCodester Engineers Online Portal 1.0 gefunden. Sie wurde als kritisch eingestuft. Davon betroffen ist unbekannter Code der Datei /admin/ der Komponente Admin Login. Durch Manipulation des Arguments username/password mit unbekannten Daten kann eine sql injection-Schwachstelle ausgenutzt werden. Der Angriff kann über das Netzwerk erfolgen.
CVE-2024-0183	2024-01-01	Nueva Ecija Engineer Online Portal	A vulnerability was found in RRJ Nueva Ecija Engineer Online Portal 1.0. It has been classified as problematic. This affects an unknown part of the file /admin/students.php of the component NIA Office. The manipulation leads to basic cross site scripting. It is possible to initiate the attack remotely. The exploit has been disclosed to the public and may be used. The identifier VDB-249441 was assigned to this vulnerability.
CVE-2024-0183	2024-01-01	Nueva Ecija Engineer Online Portal	Es wurde eine Schwachstelle in RRJ Nueva Ecija Engineer Online Portal 1.0 ausgemacht. Sie wurde als problematisch eingestuft. Hiervon betroffen ist ein unbekannter Codeblock der Datei /admin/students.php der Komponente NIA Office. Mittels dem Manipulieren mit unbekannten Daten kann eine basic cross site scripting-Schwachstelle ausgenutzt werden. Der Angriff kann über das Netzwerk angegangen werden. Der Exploit steht zur öffentlichen Verfügung.
CVE-2024-0184	2024-01-01	Nueva Ecija Engineer Online Portal	A vulnerability was found in RRJ Nueva Ecija Engineer Online Portal 1.0. It has been declared as problematic. This vulnerability affects unknown code of the file /admin/edit_teacher.php of the component Add Enginer. The manipulation of the argument Firstname/Lastname leads to cross site scripting. The attack can be initiated remotely. The exploit has been disclosed to the public and may be used. VDB-249442 is the identifier assigned to this vulnerability.
CVE-2024-0184	2024-01-01	Nueva Ecija Engineer Online Portal	In RRJ Nueva Ecija Engineer Online Portal 1.0 wurde eine Schwachstelle ausgemacht. Sie wurde als problematisch eingestuft. Betroffen ist eine unbekannte Verarbeitung der Datei /admin/edit_teacher.php der Komponente Add Enginer. Mittels Manipulieren des Arguments Firstname/Lastname mit unbekannten Daten kann eine cross site scripting-Schwachstelle ausgenutzt werden. Der Angriff kann über das Netzwerk passieren. Der Exploit steht zur öffentlichen Verfügung.
CVE-2024-0185	2024-01-01	Nueva Ecija Engineer Online Portal	A vulnerability was found in RRJ Nueva Ecija Engineer Online Portal 1.0. It has been rated as critical. This issue affects some unknown processing of the file dasboard_teacher.php of the component Avatar Handler. The manipulation leads to unrestricted upload. The attack may be initiated remotely. The exploit has been disclosed to the public and may be used. The associated identifier of this vulnerability is VDB-249443.
CVE-2024-0185	2024-01-01	Nueva Ecija Engineer Online Portal	Eine Schwachstelle wurde in RRJ Nueva Ecija Engineer Online Portal 1.0 ausgemacht. Sie wurde als kritisch eingestuft. Betroffen davon ist ein unbekannter Prozess der Datei dasboard_teacher.php der Komponente Avatar Handler. Durch das Manipulieren mit unbekannten Daten kann eine unrestricted upload-Schwachstelle ausgenutzt werden. Die Umsetzung des Angriffs kann dabei über das Netzwerk erfolgen. Der Exploit steht zur öffentlichen Verfügung.
CVE-2024-0186	2024-01-01	Host Reseller System	A vulnerability classified as problematic has been found in HuiRan Host Reseller System up to 2.0.0. Affected is an unknown function of the file /user/index/findpass?do=4 of the component HTTP POST Request Handler. The manipulation leads to weak password recovery. It is possible to launch the attack remotely. The complexity of an attack is rather high. The exploitability is told to be difficult. The exploit has been disclosed to the public and may be used. The identifier of this vulnerability is VDB-249444.
CVE-2024-0186	2024-01-01	Host Reseller System	Es wurde eine problematische Schwachstelle in HuiRan Host Reseller System bis 2.0.0 entdeckt. Betroffen hiervon ist ein unbekannter Ablauf der Datei /user/index/findpass?do=4 der Komponente HTTP POST Request Handler. Durch Manipulieren mit unbekannten Daten kann eine weak password recovery-Schwachstelle ausgenutzt werden. Umgesetzt werden kann der Angriff über das Netzwerk. Die Komplexität eines Angriffs ist eher hoch. Sie gilt als schwierig auszunutzen. Der Exploit steht zur öffentlichen Verfügung.
CVE-2024-0188	2024-01-02	Nueva Ecija Engineer Online Portal	A vulnerability, which was classified as problematic, was found in RRJ Nueva Ecija Engineer Online Portal 1.0. This affects an unknown part of the file change_password_teacher.php. The manipulation leads to weak password requirements. It is possible to initiate the attack remotely. The complexity of an attack is rather high. The exploitability is told to be difficult. The exploit has been disclosed to the public and may be used. The identifier VDB-249501 was assigned to this vulnerability.
CVE-2024-0188	2024-01-02	Nueva Ecija Engineer Online Portal	Es wurde eine problematische Schwachstelle in RRJ Nueva Ecija Engineer Online Portal 1.0 gefunden. Hiervon betroffen ist ein unbekannter Codeblock der Datei change_password_teacher.php. Durch Beeinflussen mit unbekannten Daten kann eine weak password requirements-Schwachstelle ausgenutzt werden. Der Angriff kann über das Netzwerk angegangen werden. Die Komplexität eines Angriffs ist eher hoch. Sie ist schwierig auszunutzen. Der Exploit steht zur öffentlichen Verfügung.
CVE-2024-0189	-	Nueva Ecija Engineer Online Portal	A vulnerability has been found in RRJ Nueva Ecija Engineer Online Portal 1.0 and classified as problematic. This vulnerability affects unknown code of the file teacher_message.php of the component Create Message Handler. The manipulation of the argument Content with the input </title><scRipt>alert(x)</scRipt> leads to cross site scripting. The attack can be initiated remotely. The exploit has been disclosed to the public and may be used. VDB-249502 is the identifier assigned to this vulnerability.
CVE-2024-0189	-	Nueva Ecija Engineer Online Portal	In RRJ Nueva Ecija Engineer Online Portal 1.0 wurde eine problematische Schwachstelle gefunden. Betroffen ist eine unbekannte Verarbeitung der Datei teacher_message.php der Komponente Create Message Handler. Dank der Manipulation des Arguments Content mit der Eingabe </title><scRipt>alert(x)</scRipt> mit unbekannten Daten kann eine cross site scripting-Schwachstelle ausgenutzt werden. Der Angriff kann über das Netzwerk passieren. Der Exploit steht zur öffentlichen Verfügung.
CVE-2024-0190	-	Nueva Ecija Engineer Online Portal	A vulnerability was found in RRJ Nueva Ecija Engineer Online Portal 1.0 and classified as problematic. This issue affects some unknown processing of the file add_quiz.php of the component Quiz Handler. The manipulation of the argument Quiz Title/Quiz Description with the input </title><scRipt>alert(x)</scRipt> leads to cross site scripting. The attack may be initiated remotely. The exploit has been disclosed to the public and may be used. The associated identifier of this vulnerability is VDB-249503.
CVE-2024-0190	-	Nueva Ecija Engineer Online Portal	Eine problematische Schwachstelle wurde in RRJ Nueva Ecija Engineer Online Portal 1.0 gefunden. Betroffen davon ist ein unbekannter Prozess der Datei add_quiz.php der Komponente Quiz Handler. Dank Manipulation des Arguments Quiz Title/Quiz Description mit der Eingabe </title><scRipt>alert(x)</scRipt> mit unbekannten Daten kann eine cross site scripting-Schwachstelle ausgenutzt werden. Die Umsetzung des Angriffs kann dabei über das Netzwerk erfolgen. Der Exploit steht zur öffentlichen Verfügung.
CVE-2024-0191	-	Nueva Ecija Engineer Online Portal	A vulnerability was found in RRJ Nueva Ecija Engineer Online Portal 1.0. It has been classified as problematic. Affected is an unknown function of the file /admin/uploads/. The manipulation leads to file and directory information exposure. It is possible to launch the attack remotely. The exploit has been disclosed to the public and may be used. The identifier of this vulnerability is VDB-249504.
CVE-2024-0191	-	Nueva Ecija Engineer Online Portal	Es wurde eine problematische Schwachstelle in RRJ Nueva Ecija Engineer Online Portal 1.0 ausgemacht. Betroffen hiervon ist ein unbekannter Ablauf der Datei /admin/uploads/. Mit der Manipulation mit unbekannten Daten kann eine file and directory information exposure-Schwachstelle ausgenutzt werden. Umgesetzt werden kann der Angriff über das Netzwerk. Der Exploit steht zur öffentlichen Verfügung.
CVE-2024-0192	-	Nueva Ecija Engineer Online Portal	A vulnerability was found in RRJ Nueva Ecija Engineer Online Portal 1.0. It has been declared as critical. Affected by this vulnerability is an unknown functionality of the file downloadable.php of the component Add Downloadable. The manipulation leads to unrestricted upload. The attack can be launched remotely. The exploit has been disclosed to the public and may be used. The identifier VDB-249505 was assigned to this vulnerability.
CVE-2024-0192	-	Nueva Ecija Engineer Online Portal	In RRJ Nueva Ecija Engineer Online Portal 1.0 wurde eine kritische Schwachstelle ausgemacht. Es geht um eine nicht näher bekannte Funktion der Datei downloadable.php der Komponente Add Downloadable. Durch die Manipulation mit unbekannten Daten kann eine unrestricted upload-Schwachstelle ausgenutzt werden. Der Angriff kann über das Netzwerk erfolgen. Der Exploit steht zur öffentlichen Verfügung.
CVE-2024-0193	-	kernel : Red Hat Enterprise Linux 6 : Red Hat Enterprise Linux 7 : Red Hat Enterprise Linux 8 : Red Hat Enterprise Linux 9 : Fedora	A use-after-free flaw was found in the netfilter subsystem of the Linux kernel. If the catchall element is garbage-collected when the pipapo set is removed, the element can be deactivated twice. This can cause a use-after-free issue on an NFT_CHAIN object or NFT_OBJECT object, allowing a local unprivileged user with CAP_NET_ADMIN capability to escalate their privileges on the system.
CVE-2024-0194	-	Internet Banking System	A vulnerability, which was classified as critical, has been found in CodeAstro Internet Banking System up to 1.0. This issue affects some unknown processing of the file pages_account.php of the component Profile Picture Handler. The manipulation leads to unrestricted upload. The attack may be initiated remotely. The exploit has been disclosed to the public and may be used. The identifier VDB-249509 was assigned to this vulnerability.
CVE-2024-0194	-	Internet Banking System	Eine Schwachstelle wurde in CodeAstro Internet Banking System bis 1.0 entdeckt. Sie wurde als kritisch eingestuft. Hierbei geht es um eine nicht exakt ausgemachte Funktion der Datei pages_account.php der Komponente Profile Picture Handler. Durch das Manipulieren mit unbekannten Daten kann eine unrestricted upload-Schwachstelle ausgenutzt werden. Umgesetzt werden kann der Angriff über das Netzwerk. Der Exploit steht zur öffentlichen Verfügung.
CVE-2024-0195	-	spider-flow	A vulnerability, which was classified as critical, was found in spider-flow 0.4.3. Affected is the function FunctionService.saveFunction of the file src/main/java/org/spiderflow/controller/FunctionController.java. The manipulation leads to code injection. It is possible to launch the attack remotely. The exploit has been disclosed to the public and may be used. VDB-249510 is the identifier assigned to this vulnerability.
CVE-2024-0195	-	spider-flow	Es wurde eine Schwachstelle in spider-flow 0.4.3 gefunden. Sie wurde als kritisch eingestuft. Es betrifft die Funktion FunctionService.saveFunction der Datei src/main/java/org/spiderflow/controller/FunctionController.java. Durch Manipulieren mit unbekannten Daten kann eine code injection-Schwachstelle ausgenutzt werden. Der Angriff kann über das Netzwerk erfolgen. Der Exploit steht zur öffentlichen Verfügung.
CVE-2024-0196	-	Magic-Api	A vulnerability has been found in Magic-Api up to 2.0.1 and classified as critical. Affected by this vulnerability is an unknown functionality of the file /resource/file/api/save?auto=1. The manipulation leads to code injection. The attack can be launched remotely. The exploit has been disclosed to the public and may be used. The associated identifier of this vulnerability is VDB-249511.
CVE-2024-0196	-	Magic-Api	In Magic-Api bis 2.0.1 wurde eine Schwachstelle gefunden. Sie wurde als kritisch eingestuft. Das betrifft eine unbekannte Funktionalität der Datei /resource/file/api/save?auto=1. Durch das Beeinflussen mit unbekannten Daten kann eine code injection-Schwachstelle ausgenutzt werden. Der Angriff kann über das Netzwerk angegangen werden. Der Exploit steht zur öffentlichen Verfügung.
CVE-2024-0201	-	Product Expiry for WooCommerce	The Product Expiry for WooCommerce plugin for WordPress is vulnerable to unauthorized modification of data due to a missing capability check on the 'save_settings' function in versions up to, and including, 2.5. This makes it possible for authenticated attackers, with subscriber-level permissions or above to update plugin settings.
CVE-2024-0207	-	Wireshark	HTTP3 dissector crash in Wireshark 4.2.0 allows denial of service via packet injection or crafted capture file
CVE-2024-0208	-	Wireshark	GVCP dissector crash in Wireshark 4.2.0, 4.0.0 to 4.0.11, and 3.6.0 to 3.6.19 allows denial of service via packet injection or crafted capture file
CVE-2024-0209	-	Wireshark	IEEE 1609.2 dissector crash in Wireshark 4.2.0, 4.0.0 to 4.0.11, and 3.6.0 to 3.6.19 allows denial of service via packet injection or crafted capture file
CVE-2024-0210	-	Wireshark	Zigbee TLV dissector crash in Wireshark 4.2.0 allows denial of service via packet injection or crafted capture file
CVE-2024-0211	-	Wireshark	DOCSIS dissector crash in Wireshark 4.2.0 allows denial of service via packet injection or crafted capture file
CVE-2024-0217	-	PackageKit : Red Hat Enterprise Linux 6 : Red Hat Enterprise Linux 7 : Red Hat Enterprise Linux 8 : Red Hat Enterprise Linux 9 : Fedora	A use-after-free flaw was found in PackageKitd. In some conditions, the order of cleanup mechanics for a transaction could be impacted. As a result, some memory access could occur on memory regions that were previously freed. Once freed, a memory region can be reused for other allocations and any previously stored data in this memory region is considered lost.
CVE-2024-0222	-	Chrome	Use after free in ANGLE in Google Chrome prior to 120.0.6099.199 allowed a remote attacker who had compromised the renderer process to potentially exploit heap corruption via a crafted HTML page. (Chromium security severity: High)
CVE-2024-0223	-	Chrome	Heap buffer overflow in ANGLE in Google Chrome prior to 120.0.6099.199 allowed a remote attacker to potentially exploit heap corruption via a crafted HTML page. (Chromium security severity: High)
CVE-2024-0224	-	Chrome	Use after free in WebAudio in Google Chrome prior to 120.0.6099.199 allowed a remote attacker to potentially exploit heap corruption via a crafted HTML page. (Chromium security severity: High)
CVE-2024-0225	-	Chrome	Use after free in WebGPU in Google Chrome prior to 120.0.6099.199 allowed a remote attacker to potentially exploit heap corruption via a crafted HTML page. (Chromium security severity: High)
CVE-2024-0241	-	n/a	encoded_id-rails versions before 1.0.0.beta2 are affected by an uncontrolled resource consumption vulnerability. A remote and unauthenticated attacker might cause a denial of service condition by sending an HTTP request with an extremely long "id" parameter.\n\n
CVE-2024-0246	-	IceWarp	A vulnerability classified as problematic has been found in IceWarp 12.0.2.1/12.0.3.1. This affects an unknown part of the file /install/ of the component Utility Download Handler. The manipulation of the argument lang with the input 1%27"()%26%25<zzz><ScRiPt>alert(document.domain)</ScRiPt> leads to cross site scripting. It is possible to initiate the attack remotely. The exploit has been disclosed to the public and may be used. The associated identifier of this vulnerability is VDB-249759. NOTE: The vendor was contacted early about this disclosure but did not respond in any way.
CVE-2024-0246	-	IceWarp	Es wurde eine Schwachstelle in IceWarp 12.0.2.1/12.0.3.1 entdeckt. Sie wurde als problematisch eingestuft. Betroffen hiervon ist ein unbekannter Ablauf der Datei /install/ der Komponente Utility Download Handler. Durch Manipulation des Arguments lang mit der Eingabe 1%27"()%26%25<zzz><ScRiPt>alert(document.domain)</ScRiPt> mit unbekannten Daten kann eine cross site scripting-Schwachstelle ausgenutzt werden. Umgesetzt werden kann der Angriff über das Netzwerk. Der Exploit steht zur öffentlichen Verfügung.
CVE-2024-0247	-	Online Food Ordering System	A vulnerability classified as critical was found in CodeAstro Online Food Ordering System 1.0. This vulnerability affects unknown code of the file /admin/ of the component Admin Panel. The manipulation of the argument Username leads to sql injection. The attack can be initiated remotely. The exploit has been disclosed to the public and may be used. VDB-249778 is the identifier assigned to this vulnerability.
CVE-2024-0247	-	Online Food Ordering System	In CodeAstro Online Food Ordering System 1.0 wurde eine Schwachstelle entdeckt. Sie wurde als kritisch eingestuft. Dabei geht es um eine nicht genauer bekannte Funktion der Datei /admin/ der Komponente Admin Panel. Dank Manipulation des Arguments Username mit unbekannten Daten kann eine sql injection-Schwachstelle ausgenutzt werden. Die Umsetzung des Angriffs kann dabei über das Netzwerk erfolgen. Der Exploit steht zur öffentlichen Verfügung.
CVE-2024-0260	-	Engineers Online Portal	A vulnerability, which was classified as problematic, was found in SourceCodester Engineers Online Portal 1.0. Affected is an unknown function of the file change_password_teacher.php of the component Password Change. The manipulation leads to session expiration. It is possible to launch the attack remotely. The exploit has been disclosed to the public and may be used. The identifier of this vulnerability is VDB-249816.
CVE-2024-0260	-	Engineers Online Portal	Es wurde eine Schwachstelle in SourceCodester Engineers Online Portal 1.0 gefunden. Sie wurde als problematisch eingestuft. Hiervon betroffen ist ein unbekannter Codeblock der Datei change_password_teacher.php der Komponente Password Change. Mittels Manipulieren mit unbekannten Daten kann eine session expiration-Schwachstelle ausgenutzt werden. Der Angriff kann über das Netzwerk angegangen werden. Der Exploit steht zur öffentlichen Verfügung.
CVE-2024-0261	-	FTPDMIN	A vulnerability has been found in Sentex FTPDMIN 0.96 and classified as problematic. Affected by this vulnerability is an unknown functionality of the component RNFR Command Handler. The manipulation leads to denial of service. The attack can be launched remotely. The exploit has been disclosed to the public and may be used. The identifier VDB-249817 was assigned to this vulnerability.
CVE-2024-0261	-	FTPDMIN	In Sentex FTPDMIN 0.96 wurde eine Schwachstelle gefunden. Sie wurde als problematisch eingestuft. Betroffen ist eine unbekannte Verarbeitung der Komponente RNFR Command Handler. Durch das Manipulieren mit unbekannten Daten kann eine denial of service-Schwachstelle ausgenutzt werden. Der Angriff kann über das Netzwerk passieren. Der Exploit steht zur öffentlichen Verfügung.
CVE-2024-0262	-	Online Job Portal	A vulnerability was found in Online Job Portal 1.0 and classified as problematic. Affected by this issue is some unknown functionality of the file /Admin/News.php of the component Create News Page. The manipulation of the argument News with the input </title><scRipt>alert(0x00C57D)</scRipt> leads to cross site scripting. The attack may be launched remotely. The exploit has been disclosed to the public and may be used. VDB-249818 is the identifier assigned to this vulnerability.
CVE-2024-0262	-	Online Job Portal	Eine Schwachstelle wurde in Online Job Portal 1.0 gefunden. Sie wurde als problematisch eingestuft. Betroffen davon ist ein unbekannter Prozess der Datei /Admin/News.php der Komponente Create News Page. Durch Manipulieren des Arguments News mit der Eingabe </title><scRipt>alert(0x00C57D)</scRipt> mit unbekannten Daten kann eine cross site scripting-Schwachstelle ausgenutzt werden. Die Umsetzung des Angriffs kann dabei über das Netzwerk erfolgen. Der Exploit steht zur öffentlichen Verfügung.
CVE-2024-0263	-	Ultra Mini HTTPd	A vulnerability was found in ACME Ultra Mini HTTPd 1.21. It has been classified as problematic. This affects an unknown part of the component HTTP GET Request Handler. The manipulation leads to denial of service. It is possible to initiate the attack remotely. The exploit has been disclosed to the public and may be used. It is recommended to apply a patch to fix this issue. The associated identifier of this vulnerability is VDB-249819.
CVE-2024-0263	-	Ultra Mini HTTPd	Es wurde eine Schwachstelle in ACME Ultra Mini HTTPd 1.21 ausgemacht. Sie wurde als problematisch eingestuft. Betroffen hiervon ist ein unbekannter Ablauf der Komponente HTTP GET Request Handler. Durch das Beeinflussen mit unbekannten Daten kann eine denial of service-Schwachstelle ausgenutzt werden. Umgesetzt werden kann der Angriff über das Netzwerk. Der Exploit steht zur öffentlichen Verfügung. Als bestmögliche Massnahme wird Patching empfohlen.
CVE-2024-0264	-	Clinic Queuing System	A vulnerability was found in SourceCodester Clinic Queuing System 1.0. It has been declared as critical. This vulnerability affects unknown code of the file /LoginRegistration.php. The manipulation of the argument formToken leads to authorization bypass. The attack can be initiated remotely. The exploit has been disclosed to the public and may be used. The identifier of this vulnerability is VDB-249820.
CVE-2024-0264	-	Clinic Queuing System	In SourceCodester Clinic Queuing System 1.0 wurde eine Schwachstelle ausgemacht. Sie wurde als kritisch eingestuft. Es geht um eine nicht näher bekannte Funktion der Datei /LoginRegistration.php. Durch Beeinflussen des Arguments formToken mit unbekannten Daten kann eine authorization bypass-Schwachstelle ausgenutzt werden. Der Angriff kann über das Netzwerk erfolgen. Der Exploit steht zur öffentlichen Verfügung.
CVE-2024-0265	-	Clinic Queuing System	A vulnerability was found in SourceCodester Clinic Queuing System 1.0. It has been rated as critical. This issue affects some unknown processing of the file /index.php of the component GET Parameter Handler. The manipulation of the argument page leads to file inclusion. The attack may be initiated remotely. The exploit has been disclosed to the public and may be used. The identifier VDB-249821 was assigned to this vulnerability.
CVE-2024-0265	-	Clinic Queuing System	Eine Schwachstelle wurde in SourceCodester Clinic Queuing System 1.0 ausgemacht. Sie wurde als kritisch eingestuft. Es geht hierbei um eine nicht näher spezifizierte Funktion der Datei /index.php der Komponente GET Parameter Handler. Dank der Manipulation des Arguments page mit unbekannten Daten kann eine file inclusion-Schwachstelle ausgenutzt werden. Der Angriff kann über das Netzwerk angegangen werden. Der Exploit steht zur öffentlichen Verfügung.
CVE-2024-0266	-	Online Lawyer Management System	A vulnerability classified as problematic has been found in Project Worlds Online Lawyer Management System 1.0. Affected is an unknown function of the component User Registration. The manipulation of the argument First Name leads to cross site scripting. It is possible to launch the attack remotely. The exploit has been disclosed to the public and may be used. VDB-249822 is the identifier assigned to this vulnerability.
CVE-2024-0266	-	Online Lawyer Management System	Es wurde eine problematische Schwachstelle in Project Worlds Online Lawyer Management System 1.0 entdeckt. Es geht dabei um eine nicht klar definierte Funktion der Komponente User Registration. Dank Manipulation des Arguments First Name mit unbekannten Daten kann eine cross site scripting-Schwachstelle ausgenutzt werden. Der Angriff kann über das Netzwerk passieren. Der Exploit steht zur öffentlichen Verfügung.
CVE-2024-0267	-	Hospital Management System	A vulnerability classified as critical was found in Kashipara Hospital Management System up to 1.0. Affected by this vulnerability is an unknown functionality of the file login.php of the component Parameter Handler. The manipulation of the argument email/password leads to sql injection. The attack can be launched remotely. The exploit has been disclosed to the public and may be used. The associated identifier of this vulnerability is VDB-249823.
CVE-2024-0267	-	Hospital Management System	In Kashipara Hospital Management System bis 1.0 wurde eine kritische Schwachstelle entdeckt. Dabei geht es um eine nicht genauer bekannte Funktion der Datei login.php der Komponente Parameter Handler. Mit der Manipulation des Arguments email/password mit unbekannten Daten kann eine sql injection-Schwachstelle ausgenutzt werden. Die Umsetzung des Angriffs kann dabei über das Netzwerk erfolgen. Der Exploit steht zur öffentlichen Verfügung.
CVE-2024-0268	-	Hospital Management System	A vulnerability, which was classified as critical, has been found in Kashipara Hospital Management System up to 1.0. Affected by this issue is some unknown functionality of the file registration.php. The manipulation of the argument name/email/pass/gender/age/city leads to sql injection. The attack may be launched remotely. The exploit has been disclosed to the public and may be used. The identifier of this vulnerability is VDB-249824.
CVE-2024-0268	-	Hospital Management System	Eine kritische Schwachstelle wurde in Kashipara Hospital Management System bis 1.0 entdeckt. Hierbei geht es um eine nicht exakt ausgemachte Funktion der Datei registration.php. Durch die Manipulation des Arguments name/email/pass/gender/age/city mit unbekannten Daten kann eine sql injection-Schwachstelle ausgenutzt werden. Umgesetzt werden kann der Angriff über das Netzwerk. Der Exploit steht zur öffentlichen Verfügung.
CVE-2024-0270	-	Food Management System	A vulnerability, which was classified as critical, was found in Kashipara Food Management System up to 1.0. This affects an unknown part of the file item_list_submit.php. The manipulation of the argument item_name leads to sql injection. It is possible to initiate the attack remotely. The exploit has been disclosed to the public and may be used. The identifier VDB-249825 was assigned to this vulnerability.
CVE-2024-0270	-	Food Management System	Es wurde eine kritische Schwachstelle in Kashipara Food Management System bis 1.0 gefunden. Es betrifft eine unbekannte Funktion der Datei item_list_submit.php. Durch Manipulation des Arguments item_name mit unbekannten Daten kann eine sql injection-Schwachstelle ausgenutzt werden. Der Angriff kann über das Netzwerk erfolgen. Der Exploit steht zur öffentlichen Verfügung.
CVE-2024-0271	-	Food Management System	A vulnerability has been found in Kashipara Food Management System up to 1.0 and classified as critical. This vulnerability affects unknown code of the file addmaterial_edit.php. The manipulation of the argument id leads to sql injection. The attack can be initiated remotely. The exploit has been disclosed to the public and may be used. VDB-249826 is the identifier assigned to this vulnerability.
CVE-2024-0271	-	Food Management System	In Kashipara Food Management System bis 1.0 wurde eine kritische Schwachstelle gefunden. Das betrifft eine unbekannte Funktionalität der Datei addmaterial_edit.php. Mittels dem Manipulieren des Arguments id mit unbekannten Daten kann eine sql injection-Schwachstelle ausgenutzt werden. Der Angriff kann über das Netzwerk angegangen werden. Der Exploit steht zur öffentlichen Verfügung.
CVE-2024-0272	-	Food Management System	A vulnerability was found in Kashipara Food Management System up to 1.0 and classified as critical. This issue affects some unknown processing of the file addmaterialsubmit.php. The manipulation of the argument material_name leads to sql injection. The attack may be initiated remotely. The exploit has been disclosed to the public and may be used. The associated identifier of this vulnerability is VDB-249827.
CVE-2024-0272	-	Food Management System	Eine kritische Schwachstelle wurde in Kashipara Food Management System bis 1.0 gefunden. Dies betrifft einen unbekannten Teil der Datei addmaterialsubmit.php. Mittels Manipulieren des Arguments material_name mit unbekannten Daten kann eine sql injection-Schwachstelle ausgenutzt werden. Der Angriff kann über das Netzwerk passieren. Der Exploit steht zur öffentlichen Verfügung.
CVE-2024-0273	-	Food Management System	A vulnerability was found in Kashipara Food Management System up to 1.0. It has been classified as critical. Affected is an unknown function of the file addwaste_entry.php. The manipulation of the argument item_name leads to sql injection. It is possible to launch the attack remotely. The exploit has been disclosed to the public and may be used. The identifier of this vulnerability is VDB-249828.
CVE-2024-0273	-	Food Management System	Es wurde eine kritische Schwachstelle in Kashipara Food Management System bis 1.0 ausgemacht. Dabei betrifft es einen unbekannter Codeteil der Datei addwaste_entry.php. Durch das Manipulieren des Arguments item_name mit unbekannten Daten kann eine sql injection-Schwachstelle ausgenutzt werden. Die Umsetzung des Angriffs kann dabei über das Netzwerk erfolgen. Der Exploit steht zur öffentlichen Verfügung.
CVE-2024-0274	-	Food Management System	A vulnerability was found in Kashipara Food Management System up to 1.0. It has been declared as critical. Affected by this vulnerability is an unknown functionality of the file billAjax.php. The manipulation of the argument item_name leads to sql injection. The attack can be launched remotely. The exploit has been disclosed to the public and may be used. The identifier VDB-249829 was assigned to this vulnerability.
CVE-2024-0274	-	Food Management System	In Kashipara Food Management System bis 1.0 wurde eine kritische Schwachstelle ausgemacht. Hierbei betrifft es unbekannten Programmcode der Datei billAjax.php. Durch Manipulieren des Arguments item_name mit unbekannten Daten kann eine sql injection-Schwachstelle ausgenutzt werden. Umgesetzt werden kann der Angriff über das Netzwerk. Der Exploit steht zur öffentlichen Verfügung.
CVE-2024-0275	-	Food Management System	A vulnerability was found in Kashipara Food Management System up to 1.0. It has been rated as critical. Affected by this issue is some unknown functionality of the file item_edit_submit.php. The manipulation of the argument id leads to sql injection. The attack may be launched remotely. The exploit has been disclosed to the public and may be used. VDB-249830 is the identifier assigned to this vulnerability.
CVE-2024-0275	-	Food Management System	Eine kritische Schwachstelle wurde in Kashipara Food Management System bis 1.0 ausgemacht. Davon betroffen ist unbekannter Code der Datei item_edit_submit.php. Durch das Beeinflussen des Arguments id mit unbekannten Daten kann eine sql injection-Schwachstelle ausgenutzt werden. Der Angriff kann über das Netzwerk erfolgen. Der Exploit steht zur öffentlichen Verfügung.
CVE-2024-0276	-	Food Management System	A vulnerability classified as critical has been found in Kashipara Food Management System up to 1.0. This affects an unknown part of the file rawstock_used_damaged_smt.php. The manipulation of the argument product_name leads to sql injection. It is possible to initiate the attack remotely. The exploit has been disclosed to the public and may be used. The associated identifier of this vulnerability is VDB-249831.
CVE-2024-0276	-	Food Management System	Es wurde eine Schwachstelle in Kashipara Food Management System bis 1.0 entdeckt. Sie wurde als kritisch eingestuft. Hiervon betroffen ist ein unbekannter Codeblock der Datei rawstock_used_damaged_smt.php. Durch Beeinflussen des Arguments product_name mit unbekannten Daten kann eine sql injection-Schwachstelle ausgenutzt werden. Der Angriff kann über das Netzwerk angegangen werden. Der Exploit steht zur öffentlichen Verfügung.
CVE-2024-0277	-	Food Management System	A vulnerability classified as critical was found in Kashipara Food Management System up to 1.0. This vulnerability affects unknown code of the file party_submit.php. The manipulation of the argument party_name leads to sql injection. The attack can be initiated remotely. The exploit has been disclosed to the public and may be used. The identifier of this vulnerability is VDB-249832.
CVE-2024-0277	-	Food Management System	In Kashipara Food Management System bis 1.0 wurde eine Schwachstelle entdeckt. Sie wurde als kritisch eingestuft. Betroffen ist eine unbekannte Verarbeitung der Datei party_submit.php. Dank der Manipulation des Arguments party_name mit unbekannten Daten kann eine sql injection-Schwachstelle ausgenutzt werden. Der Angriff kann über das Netzwerk passieren. Der Exploit steht zur öffentlichen Verfügung.
CVE-2024-0278	-	Food Management System	A vulnerability, which was classified as critical, has been found in Kashipara Food Management System up to 1.0. This issue affects some unknown processing of the file partylist_edit_submit.php. The manipulation of the argument id leads to sql injection. The attack may be initiated remotely. The exploit has been disclosed to the public and may be used. The identifier VDB-249833 was assigned to this vulnerability.
CVE-2024-0278	-	Food Management System	Eine Schwachstelle wurde in Kashipara Food Management System bis 1.0 entdeckt. Sie wurde als kritisch eingestuft. Betroffen davon ist ein unbekannter Prozess der Datei partylist_edit_submit.php. Dank Manipulation des Arguments id mit unbekannten Daten kann eine sql injection-Schwachstelle ausgenutzt werden. Die Umsetzung des Angriffs kann dabei über das Netzwerk erfolgen. Der Exploit steht zur öffentlichen Verfügung.
CVE-2024-0279	-	Food Management System	A vulnerability, which was classified as critical, was found in Kashipara Food Management System up to 1.0. Affected is an unknown function of the file item_list_edit.php. The manipulation of the argument id leads to sql injection. It is possible to launch the attack remotely. The exploit has been disclosed to the public and may be used. VDB-249834 is the identifier assigned to this vulnerability.
CVE-2024-0279	-	Food Management System	Es wurde eine Schwachstelle in Kashipara Food Management System bis 1.0 gefunden. Sie wurde als kritisch eingestuft. Betroffen hiervon ist ein unbekannter Ablauf der Datei item_list_edit.php. Mit der Manipulation des Arguments id mit unbekannten Daten kann eine sql injection-Schwachstelle ausgenutzt werden. Umgesetzt werden kann der Angriff über das Netzwerk. Der Exploit steht zur öffentlichen Verfügung.
CVE-2024-0280	-	Food Management System	A vulnerability has been found in Kashipara Food Management System up to 1.0 and classified as critical. Affected by this vulnerability is an unknown functionality of the file item_type_submit.php. The manipulation of the argument type_name leads to sql injection. The attack can be launched remotely. The exploit has been disclosed to the public and may be used. The associated identifier of this vulnerability is VDB-249835.
CVE-2024-0280	-	Food Management System	In Kashipara Food Management System bis 1.0 wurde eine Schwachstelle gefunden. Sie wurde als kritisch eingestuft. Es geht um eine nicht näher bekannte Funktion der Datei item_type_submit.php. Durch die Manipulation des Arguments type_name mit unbekannten Daten kann eine sql injection-Schwachstelle ausgenutzt werden. Der Angriff kann über das Netzwerk erfolgen. Der Exploit steht zur öffentlichen Verfügung.
CVE-2024-0281	-	Food Management System	A vulnerability was found in Kashipara Food Management System up to 1.0 and classified as critical. Affected by this issue is some unknown functionality of the file loginCheck.php. The manipulation of the argument password leads to sql injection. The attack may be launched remotely. The exploit has been disclosed to the public and may be used. The identifier of this vulnerability is VDB-249836.
CVE-2024-0281	-	Food Management System	Eine Schwachstelle wurde in Kashipara Food Management System bis 1.0 gefunden. Sie wurde als kritisch eingestuft. Es geht hierbei um eine nicht näher spezifizierte Funktion der Datei loginCheck.php. Durch Manipulation des Arguments password mit unbekannten Daten kann eine sql injection-Schwachstelle ausgenutzt werden. Der Angriff kann über das Netzwerk angegangen werden. Der Exploit steht zur öffentlichen Verfügung.
CVE-2024-0282	-	Food Management System	A vulnerability was found in Kashipara Food Management System up to 1.0. It has been classified as problematic. This affects an unknown part of the file addmaterialsubmit.php. The manipulation of the argument tin leads to cross site scripting. It is possible to initiate the attack remotely. The exploit has been disclosed to the public and may be used. The identifier VDB-249837 was assigned to this vulnerability.
CVE-2024-0282	-	Food Management System	Es wurde eine Schwachstelle in Kashipara Food Management System bis 1.0 ausgemacht. Sie wurde als problematisch eingestuft. Es geht dabei um eine nicht klar definierte Funktion der Datei addmaterialsubmit.php. Mittels dem Manipulieren des Arguments tin mit unbekannten Daten kann eine cross site scripting-Schwachstelle ausgenutzt werden. Der Angriff kann über das Netzwerk passieren. Der Exploit steht zur öffentlichen Verfügung.
CVE-2024-0283	-	Food Management System	A vulnerability was found in Kashipara Food Management System up to 1.0. It has been declared as problematic. This vulnerability affects unknown code of the file party_details.php. The manipulation of the argument party_name leads to cross site scripting. The attack can be initiated remotely. The exploit has been disclosed to the public and may be used. VDB-249838 is the identifier assigned to this vulnerability.
CVE-2024-0283	-	Food Management System	In Kashipara Food Management System bis 1.0 wurde eine Schwachstelle ausgemacht. Sie wurde als problematisch eingestuft. Dabei geht es um eine nicht genauer bekannte Funktion der Datei party_details.php. Mittels Manipulieren des Arguments party_name mit unbekannten Daten kann eine cross site scripting-Schwachstelle ausgenutzt werden. Die Umsetzung des Angriffs kann dabei über das Netzwerk erfolgen. Der Exploit steht zur öffentlichen Verfügung.
CVE-2024-0284	-	Food Management System	A vulnerability was found in Kashipara Food Management System up to 1.0. It has been rated as problematic. This issue affects some unknown processing of the file party_submit.php. The manipulation of the argument party_address leads to cross site scripting. The attack may be initiated remotely. The exploit has been disclosed to the public and may be used. The associated identifier of this vulnerability is VDB-249839.
CVE-2024-0284	-	Food Management System	Eine Schwachstelle wurde in Kashipara Food Management System bis 1.0 ausgemacht. Sie wurde als problematisch eingestuft. Hierbei geht es um eine nicht exakt ausgemachte Funktion der Datei party_submit.php. Durch das Manipulieren des Arguments party_address mit unbekannten Daten kann eine cross site scripting-Schwachstelle ausgenutzt werden. Umgesetzt werden kann der Angriff über das Netzwerk. Der Exploit steht zur öffentlichen Verfügung.
CVE-2024-0286	-	Hospital Management System	A vulnerability, which was classified as problematic, was found in PHPGurukul Hospital Management System 1.0. This affects an unknown part of the file index.php#contact_us of the component Contact Form. The manipulation of the argument Name/Email/Message leads to cross site scripting. It is possible to initiate the attack remotely. The exploit has been disclosed to the public and may be used. The associated identifier of this vulnerability is VDB-249843.
CVE-2024-0286	-	Hospital Management System	Es wurde eine problematische Schwachstelle in PHPGurukul Hospital Management System 1.0 gefunden. Dabei betrifft es einen unbekannter Codeteil der Datei index.php#contact_us der Komponente Contact Form. Dank der Manipulation des Arguments Name/Email/Message mit unbekannten Daten kann eine cross site scripting-Schwachstelle ausgenutzt werden. Die Umsetzung des Angriffs kann dabei über das Netzwerk erfolgen. Der Exploit steht zur öffentlichen Verfügung.
CVE-2024-0287	-	Food Management System	A vulnerability was found in Kashipara Food Management System 1.0. It has been rated as critical. Affected by this issue is some unknown functionality of the file itemBillPdf.php. The manipulation of the argument printid leads to sql injection. The attack may be launched remotely. The exploit has been disclosed to the public and may be used. The identifier of this vulnerability is VDB-249848.
CVE-2024-0287	-	Food Management System	Eine kritische Schwachstelle wurde in Kashipara Food Management System 1.0 ausgemacht. Betroffen davon ist ein unbekannter Prozess der Datei itemBillPdf.php. Mittels dem Manipulieren des Arguments printid mit unbekannten Daten kann eine sql injection-Schwachstelle ausgenutzt werden. Die Umsetzung des Angriffs kann dabei über das Netzwerk erfolgen. Der Exploit steht zur öffentlichen Verfügung.
CVE-2024-0288	-	Food Management System	A vulnerability classified as critical has been found in Kashipara Food Management System 1.0. This affects an unknown part of the file rawstock_used_damaged_submit.php. The manipulation of the argument product_name leads to sql injection. It is possible to initiate the attack remotely. The exploit has been disclosed to the public and may be used. The identifier VDB-249849 was assigned to this vulnerability.
CVE-2024-0288	-	Food Management System	Es wurde eine Schwachstelle in Kashipara Food Management System 1.0 entdeckt. Sie wurde als kritisch eingestuft. Betroffen hiervon ist ein unbekannter Ablauf der Datei rawstock_used_damaged_submit.php. Mittels Manipulieren des Arguments product_name mit unbekannten Daten kann eine sql injection-Schwachstelle ausgenutzt werden. Umgesetzt werden kann der Angriff über das Netzwerk. Der Exploit steht zur öffentlichen Verfügung.
CVE-2024-0289	-	Food Management System	A vulnerability classified as critical was found in Kashipara Food Management System 1.0. This vulnerability affects unknown code of the file stock_entry_submit.php. The manipulation of the argument itemype leads to sql injection. The attack can be initiated remotely. The exploit has been disclosed to the public and may be used. VDB-249850 is the identifier assigned to this vulnerability.
CVE-2024-0289	-	Food Management System	In Kashipara Food Management System 1.0 wurde eine Schwachstelle entdeckt. Sie wurde als kritisch eingestuft. Es geht um eine nicht näher bekannte Funktion der Datei stock_entry_submit.php. Durch das Manipulieren des Arguments itemype mit unbekannten Daten kann eine sql injection-Schwachstelle ausgenutzt werden. Der Angriff kann über das Netzwerk erfolgen. Der Exploit steht zur öffentlichen Verfügung.
CVE-2024-0290	-	Food Management System	A vulnerability, which was classified as critical, has been found in Kashipara Food Management System 1.0. This issue affects some unknown processing of the file stock_edit.php. The manipulation of the argument item_type leads to sql injection. The attack may be initiated remotely. The exploit has been disclosed to the public and may be used. The associated identifier of this vulnerability is VDB-249851.
CVE-2024-0290	-	Food Management System	Eine Schwachstelle wurde in Kashipara Food Management System 1.0 entdeckt. Sie wurde als kritisch eingestuft. Es geht hierbei um eine nicht näher spezifizierte Funktion der Datei stock_edit.php. Durch Manipulieren des Arguments item_type mit unbekannten Daten kann eine sql injection-Schwachstelle ausgenutzt werden. Der Angriff kann über das Netzwerk angegangen werden. Der Exploit steht zur öffentlichen Verfügung.
CVE-2024-0291	-	LR1200GB	A vulnerability was found in Totolink LR1200GB 9.1.0u.6619_B20230130. It has been rated as critical. This issue affects the function UploadFirmwareFile of the file /cgi-bin/cstecgi.cgi. The manipulation of the argument FileName leads to command injection. The attack may be initiated remotely. The exploit has been disclosed to the public and may be used. The identifier VDB-249857 was assigned to this vulnerability. NOTE: The vendor was contacted early about this disclosure but did not respond in any way.
CVE-2024-0291	-	LR1200GB	Eine Schwachstelle wurde in Totolink LR1200GB 9.1.0u.6619_B20230130 ausgemacht. Sie wurde als kritisch eingestuft. Dies betrifft die Funktion UploadFirmwareFile der Datei /cgi-bin/cstecgi.cgi. Durch die Manipulation des Arguments FileName mit unbekannten Daten kann eine command injection-Schwachstelle ausgenutzt werden. Der Angriff kann über das Netzwerk passieren. Der Exploit steht zur öffentlichen Verfügung.
CVE-2024-0292	-	LR1200GB	A vulnerability classified as critical has been found in Totolink LR1200GB 9.1.0u.6619_B20230130. Affected is the function setOpModeCfg of the file /cgi-bin/cstecgi.cgi. The manipulation of the argument hostName leads to os command injection. It is possible to launch the attack remotely. The exploit has been disclosed to the public and may be used. VDB-249858 is the identifier assigned to this vulnerability. NOTE: The vendor was contacted early about this disclosure but did not respond in any way.
CVE-2024-0292	-	LR1200GB	Es wurde eine kritische Schwachstelle in Totolink LR1200GB 9.1.0u.6619_B20230130 entdeckt. Dabei betrifft es die Funktion setOpModeCfg der Datei /cgi-bin/cstecgi.cgi. Durch Manipulation des Arguments hostName mit unbekannten Daten kann eine os command injection-Schwachstelle ausgenutzt werden. Die Umsetzung des Angriffs kann dabei über das Netzwerk erfolgen. Der Exploit steht zur öffentlichen Verfügung.
CVE-2024-0293	-	LR1200GB	A vulnerability classified as critical was found in Totolink LR1200GB 9.1.0u.6619_B20230130. Affected by this vulnerability is the function setUploadSetting of the file /cgi-bin/cstecgi.cgi. The manipulation of the argument FileName leads to os command injection. The attack can be launched remotely. The exploit has been disclosed to the public and may be used. The associated identifier of this vulnerability is VDB-249859. NOTE: The vendor was contacted early about this disclosure but did not respond in any way.
CVE-2024-0293	-	LR1200GB	In Totolink LR1200GB 9.1.0u.6619_B20230130 wurde eine kritische Schwachstelle entdeckt. Hierbei betrifft es die Funktion setUploadSetting der Datei /cgi-bin/cstecgi.cgi. Mittels dem Manipulieren des Arguments FileName mit unbekannten Daten kann eine os command injection-Schwachstelle ausgenutzt werden. Umgesetzt werden kann der Angriff über das Netzwerk. Der Exploit steht zur öffentlichen Verfügung.
CVE-2024-0294	-	LR1200GB	A vulnerability, which was classified as critical, has been found in Totolink LR1200GB 9.1.0u.6619_B20230130. Affected by this issue is the function setUssd of the file /cgi-bin/cstecgi.cgi. The manipulation of the argument ussd leads to os command injection. The attack may be launched remotely. The exploit has been disclosed to the public and may be used. The identifier of this vulnerability is VDB-249860. NOTE: The vendor was contacted early about this disclosure but did not respond in any way.
CVE-2024-0294	-	LR1200GB	Eine kritische Schwachstelle wurde in Totolink LR1200GB 9.1.0u.6619_B20230130 entdeckt. Davon betroffen ist die Funktion setUssd der Datei /cgi-bin/cstecgi.cgi. Mittels Manipulieren des Arguments ussd mit unbekannten Daten kann eine os command injection-Schwachstelle ausgenutzt werden. Der Angriff kann über das Netzwerk erfolgen. Der Exploit steht zur öffentlichen Verfügung.
CVE-2024-0295	-	LR1200GB	A vulnerability, which was classified as critical, was found in Totolink LR1200GB 9.1.0u.6619_B20230130. This affects the function setWanCfg of the file /cgi-bin/cstecgi.cgi. The manipulation of the argument hostName leads to os command injection. It is possible to initiate the attack remotely. The exploit has been disclosed to the public and may be used. The identifier VDB-249861 was assigned to this vulnerability. NOTE: The vendor was contacted early about this disclosure but did not respond in any way.
CVE-2024-0295	-	LR1200GB	Es wurde eine kritische Schwachstelle in Totolink LR1200GB 9.1.0u.6619_B20230130 gefunden. Hiervon betroffen ist die Funktion setWanCfg der Datei /cgi-bin/cstecgi.cgi. Durch das Manipulieren des Arguments hostName mit unbekannten Daten kann eine os command injection-Schwachstelle ausgenutzt werden. Der Angriff kann über das Netzwerk angegangen werden. Der Exploit steht zur öffentlichen Verfügung.
CVE-2024-0296	-	N200RE	A vulnerability has been found in Totolink N200RE 9.3.5u.6139_B20201216 and classified as critical. This vulnerability affects the function NTPSyncWithHost of the file /cgi-bin/cstecgi.cgi. The manipulation of the argument host_time leads to os command injection. The attack can be initiated remotely. The exploit has been disclosed to the public and may be used. VDB-249862 is the identifier assigned to this vulnerability. NOTE: The vendor was contacted early about this disclosure but did not respond in any way.
CVE-2024-0296	-	N200RE	In Totolink N200RE 9.3.5u.6139_B20201216 wurde eine kritische Schwachstelle gefunden. Betroffen ist die Funktion NTPSyncWithHost der Datei /cgi-bin/cstecgi.cgi. Durch Manipulieren des Arguments host_time mit unbekannten Daten kann eine os command injection-Schwachstelle ausgenutzt werden. Der Angriff kann über das Netzwerk passieren. Der Exploit steht zur öffentlichen Verfügung.
CVE-2024-20802	-	Samsung Mobile Devices	Improper access control vulnerability in Samsung DeX prior to SMR Jan-2024 Release 1 allows owner to access other users&#39; notification in a multi-user environment.
CVE-2024-20803	-	Samsung Mobile Devices	Improper authentication vulnerability in Bluetooth pairing process prior to SMR Jan-2024 Release 1 allows remote attackers to establish pairing process without user interaction.
CVE-2024-20804	-	Samsung Mobile Devices	Path traversal vulnerability in FileUriConverter of MyFiles prior to SMR Jan-2024 Release 1 in Android 11 and Android 12, and version 14.5.00.21 in Android 13 allows attackers to write arbitrary file.
CVE-2024-20805	-	Samsung Mobile Devices	Path traversal vulnerability in ZipCompressor of MyFiles prior to SMR Jan-2024 Release 1 in Android 11 and Android 12, and version 14.5.00.21 in Android 13 allows attackers to write arbitrary file.
CVE-2024-20806	-	Samsung Mobile Devices	Improper access control in Notification service prior to SMR Jan-2024 Release 1 allows local attacker to access notification data.
CVE-2024-20807	-	Samsung Email	Implicit intent hijacking vulnerability in Samsung Email prior to version 6.1.90.16 allows attacker to get sensitive information.
CVE-2024-20808	-	Nearby device scanning	Improper access control vulnerability in Nearby device scanning prior version 11.1.14.7 allows local attacker to access data.
CVE-2024-20809	-	Nearby device scanning	Improper access control vulnerability in Nearby device scanning prior version 11.1.14.7 allows local attacker to access data.
CVE-2024-21622	-	cms	Craft is a content management system. This is a potential moderate impact, low complexity privilege escalation vulnerability in Craft starting in 3.x prior to 3.9.6 and 4.x prior to 4.4.16 with certain user permissions setups. This has been fixed in Craft 4.4.16 and Craft 3.9.6. Users should ensure they are running at least those versions.
CVE-2024-21623	-	otclient	OTCLient is an alternative tibia client for otserv. Prior to commit db560de0b56476c87a2f967466407939196dd254, the /mehah/otclient "`Analysis - SonarCloud`" workflow is vulnerable to an expression injection in Actions, allowing an attacker to run commands remotely on the runner, leak secrets, and alter the repository using this workflow. Commit db560de0b56476c87a2f967466407939196dd254 contains a fix for this issue.
CVE-2024-21625	-	SideQuest	SideQuest is a place to get virtual reality applications for Oculus Quest. The SideQuest desktop application uses deep links with a custom protocol (`sidequest://`) to trigger actions in the application from its web contents. Because, prior to version 0.10.35, the deep link URLs were not sanitized properly in all cases, a one-click remote code execution can be achieved in cases when a device is connected, the user is presented with a malicious link and clicks it from within the application. As of version 0.10.35, the custom protocol links within the electron application are now being parsed and sanitized properly.
CVE-2024-21627	-	PrestaShop	PrestaShop is an open-source e-commerce platform. Prior to versions 8.1.3 and 1.7.8.11, some event attributes are not detected by the `isCleanHTML` method. Some modules using the `isCleanHTML` method could be vulnerable to cross-site scripting. Versions 8.1.3 and 1.7.8.11 contain a patch for this issue. The best workaround is to use the `HTMLPurifier` library to sanitize html input coming from users. The library is already available as a dependency in the PrestaShop project. Beware though that in legacy object models, fields of `HTML` type will call `isCleanHTML`.
CVE-2024-21628	-	PrestaShop	PrestaShop is an open-source e-commerce platform. Prior to version 8.1.3, the isCleanHtml method is not used on this this form, which makes it possible to store a cross-site scripting payload in the database. The impact is low because the HTML is not interpreted in BO, thanks to twig's escape mechanism. In FO, the cross-site scripting attack is effective, but only impacts the customer sending it, or the customer session from which it was sent. This issue affects those who have a module fetching these messages from the DB and displaying it without escaping HTML. Version 8.1.3 contains a patch for this issue.
CVE-2024-21629	-	evm	Rust EVM is an Ethereum Virtual Machine interpreter. In `rust-evm`, a feature called `record_external_operation` was introduced, allowing library users to record custom gas changes. This feature can have some bogus interactions with the call stack. In particular, during finalization of a `CREATE` or `CREATE2`, in the case that the substack execution happens successfully, `rust-evm` will first commit the substate, and then call `record_external_operation(Write(out_code.len()))`. If `record_external_operation` later fails, this error is returned to the parent call stack, instead of `Succeeded`. Yet, the substate commitment already happened. This causes smart contracts able to commit state changes, when the parent caller contract receives zero address (which usually indicates that the execution has failed). This issue only impacts library users with custom `record_external_operation` that returns errors. The issue is patched in release 0.41.1. No known workarounds are available.
CVE-2024-21631	-	vapor	Vapor is an HTTP web framework for Swift. Prior to version 4.90.0, Vapor's `vapor_urlparser_parse` function uses `uint16_t` indexes when parsing a URI's components, which may cause integer overflows when parsing untrusted inputs. This vulnerability does not affect Vapor directly but could impact applications relying on the URI type for validating user input. The URI type is used in several places in Vapor. A developer may decide to use URI to represent a URL in their application (especially if that URL is then passed to the HTTP Client) and rely on its public properties and methods. However, URI may fail to properly parse a valid (albeit abnormally long) URL, due to string ranges being converted to 16-bit integers. An attacker may use this behavior to trick the application into accepting a URL to an untrusted destination. By padding the port number with zeros, an attacker can cause an integer overflow to occur when the URL authority is parsed and, as a result, spoof the host. Version 4.90.0 contains a patch for this issue. As a workaround, validate user input before parsing as a URI or, if possible, use Foundation's `URL` and `URLComponents` utilities.\n
CVE-2024-21632	-	omniauth-microsoft_graph	omniauth-microsoft_graph provides an Omniauth strategy for the Microsoft Graph API. Prior to versions 2.0.0, the implementation did not validate the legitimacy of the `email` attribute of the user nor did it give/document an option to do so, making it susceptible to nOAuth misconfiguration in cases when the `email` is used as a trusted user identifier. This could lead to account takeover. Version 2.0.0 contains a fix for this issue.\n
CVE-2024-21633	-	Apktool	Apktool is a tool for reverse engineering Android APK files. In versions 2.9.1 and prior, Apktool infers resource files' output path according to their resource names which can be manipulated by attacker to place files at desired location on the system Apktool runs on. Affected environments are those in which an attacker may write/overwrite any file that user has write access, and either user name is known or cwd is under user folder. Commit d348c43b24a9de350ff6e5bd610545a10c1fc712 contains a patch for this issue.
CVE-2024-21634	-	ion-java	Amazon Ion is a Java implementation of the Ion data notation. Prior to version 1.10.5, a potential denial-of-service issue exists in `ion-java` for applications that use `ion-java` to deserialize Ion text encoded data, or deserialize Ion text or binary encoded data into the `IonValue` model and then invoke certain `IonValue` methods on that in-memory representation. An actor could craft Ion data that, when loaded by the affected application and/or processed using the `IonValue` model, results in a `StackOverflowError` originating from the `ion-java` library. The patch is included in `ion-java` 1.10.5. As a workaround, do not load data which originated from an untrusted source or that could have been tampered with.
CVE-2024-21636	-	view_component	view_component is a framework for building reusable, testable, and encapsulated view components in Ruby on Rails. Versions prior to 3.9.0 have a cross-site scripting vulnerability that has the potential to impact anyone rendering a component directly from a controller with the view_component gem. Note that only components that define a `#call` method (i.e. instead of using a sidecar template) are affected. The return value of the `#call` method is not sanitized and can include user-defined content. In addition, the return value of the `#output_postamble` methodis not sanitized, which can also lead to cross-site scripting issues. Versions 3.9.0 has been released and fully mitigates both the `#call` and the `#output_postamble` vulnerabilities. As a workaround, sanitize the return value of `#call`.
CVE-2024-21641	-	framework	Flarum is open source discussion platform software. Prior to version 1.8.5, the Flarum `/logout` route includes a redirect parameter that allows any third party to redirect users from a (trusted) domain of the Flarum installation to redirect to any link. For logged-in users, the logout must be confirmed. Guests are immediately redirected. This could be used by spammers to redirect to a web address using a trusted domain of a running Flarum installation. The vulnerability has been fixed and published as flarum/core v1.8.5. As a workaround, some extensions modifying the logout route can remedy this issue if their implementation is safe.
CVE-2024-21642	-	dtale	D-Tale is a visualizer for Pandas data structures. Users hosting versions D-Tale prior to 3.9.0 publicly can be vulnerable to server-side request forgery (SSRF), allowing attackers to access files on the server. Users should upgrade to version 3.9.0, where the `Load From the Web` input is turned off by default. The only workaround for versions earlier than 3.9.0 is to only host D-Tale to trusted users.
CVE-2024-21732	2024-01-01	n/a	FlyCms through abbaa5a allows XSS via the permission management feature.
CVE-2024-21907	-	n/a	Newtonsoft.Json before version 13.0.1 is affected by a mishandling of exceptional conditions vulnerability. Crafted data that is passed to the JsonConvert.DeserializeObject method may trigger a StackOverflow exception resulting in denial of service. Depending on the usage of the library, an unauthenticated and remote attacker may be able to cause the denial of service condition.\n
CVE-2024-21908	-	n/a	\nTinyMCE versions before 5.9.0 are affected by a stored cross-site scripting vulnerability. An unauthenticated and remote attacker could insert crafted HTML into the editor resulting in arbitrary JavaScript execution in another user's browser.\n\n\n\n
CVE-2024-21909	-	n/a	PeterO.Cbor versions 4.0.0 through 4.5.0 are vulnerable to a denial of \nservice vulnerability. An attacker may trigger the denial of service \ncondition by providing crafted data to the DecodeFromBytes or other \ndecoding mechanisms in PeterO.Cbor. Depending on the usage of the \nlibrary, an unauthenticated and remote attacker may be able to cause the\n denial of service condition.\n
CVE-2024-21910	-	n/a	TinyMCE versions before 5.10.0 are affected by a cross-site scripting vulnerability. A remote and unauthenticated attacker could introduce crafted image or link URLs that would result in the execution of arbitrary JavaScript in an editing user's browser.\n
CVE-2024-21911	-	n/a	TinyMCE versions before 5.6.0 are affected by a stored cross-site scripting vulnerability. An unauthenticated and remote attacker could insert crafted HTML into the editor resulting in arbitrary JavaScript execution in another user's browser.
CVE-2024-22047	-	n/a	A race condition exists in Audited 4.0.0 to 5.3.3 that can result in an authenticated user to cause audit log entries to be attributed to another user.\n\n
CVE-2024-22048	-	n/a	govuk_tech_docs versions from 2.0.2 to before 3.3.1 are vulnerable to a cross-site scripting vulnerability. Malicious JavaScript may be executed in the user's browser if a malicious search result is displayed on the search page.\n\n
CVE-2024-22049	-	n/a	httparty before 0.21.0 is vulnerable to an assumed-immutable web parameter vulnerability. A remote and unauthenticated attacker can provide a crafted filename parameter during multipart/form-data uploads which could result in attacker controlled filenames being written.\n\n
CVE-2024-22050	-	n/a	Path traversal in the static file service in Iodine less than 0.7.33 allows an unauthenticated, remote attacker to read files outside the public folder via malicious URLs.\n\n
CVE-2024-22051	-	n/a	CommonMarker versions prior to 0.23.4 are at risk of an integer overflow vulnerability. This vulnerability can result in possibly unauthenticated remote attackers to cause heap memory corruption, potentially leading to an information leak or remote code execution, via parsing tables with marker rows that contain more than UINT16_MAX columns.\n\n
CVE-2024-22075	-	n/a	Firefly III (aka firefly-iii) before 6.1.1 allows webhooks HTML Injection.
CVE-2024-22086	-	n/a	handle_request in http.c in cherry through 4b877df has an sscanf stack-based buffer overflow via a long URI, leading to remote code execution.
CVE-2024-22087	-	n/a	route in main.c in Pico HTTP Server in C through f3b69a6 has an sprintf stack-based buffer overflow via a long URI, leading to remote code execution.
CVE-2024-22088	-	n/a	Lotos WebServer through 0.1.1 (commit 3eb36cc) has a use-after-free in buffer_avail() at buffer.h via a long URI, because realloc is mishandled.
